study	individual	group	count	intervention	measurement_type	substance	tissue	method	label	time	time_unit	value	mean	mean_pm	mean_sd	mean_se	comments	mean_unit	value_unit
Sha2015		all	54.0	placebo	concentration	glucose	plasma	LC MS/MS	glucose_placebo	-0.25	hr		4.97736619817668	5.03146708486799	0.397558701077514	0.0541008866913097		mmole/l	mmole/l
Sha2015		all	54.0	placebo	concentration	glucose	plasma	LC MS/MS	glucose_placebo	-0.15	hr		4.96762443468286	4.99944440038647	0.233828038820116	0.03181996570361		mmole/l	mmole/l
Sha2015		all	54.0	placebo	concentration	glucose	plasma	LC MS/MS	glucose_placebo	0.0	hr		4.96740857672491	5.01196854167458	0.327447531248984	0.04455996494967		mmole/l	mmole/l
Sha2015		all	54.0	placebo	concentration	glucose	plasma	LC MS/MS	glucose_placebo	0.25	hr		7.03822969570441	7.15914894402443	0.888571375394825	0.12091924832002		mmole/l	mmole/l
Sha2015		all	54.0	placebo	concentration	glucose	plasma	LC MS/MS	glucose_placebo	0.5	hr		8.74806435632955	8.96285053259822	1.57834960698517	0.214786176268669		mmole/l	mmole/l
Sha2015		all	54.0	placebo	concentration	glucose	plasma	LC MS/MS	glucose_placebo	1.0	hr		7.68560272781891	7.94972589949809	1.94090099957853	0.26412317167918		mmole/l	mmole/l
Sha2015		all	54.0	placebo	concentration	glucose	plasma	LC MS/MS	glucose_placebo	1.5	hr		6.2412902487106	6.45927174843225	1.60183034305403	0.21798149972165		mmole/l	mmole/l
Sha2015		all	54.0	placebo	concentration	glucose	plasma	LC MS/MS	glucose_placebo	2.0	hr		5.21066172508361	5.3602262629372	1.09907040406942	0.14956453785359		mmole/l	mmole/l
