study	individual	group	count	intervention	measurement_type	substance	tissue	method	label	time	time_unit	value	mean	mean_pm	mean_sd	mean_se	comments	mean_unit	value_unit
Sha2015		all	54.0	CAN300	concentration	glucose	plasma	LC MS/MS	glucose_CAN300	-0.25	hr		4.80871230873694	4.85643568770233	0.350693781800033	0.0477233789653901		mmole/l	mmole/l
Sha2015		all	54.0	CAN300	concentration	glucose	plasma	LC MS/MS	glucose_CAN300	-0.15	hr		4.77669337830686	4.84829252444786	0.526144122193238	0.0715991461409997		mmole/l	mmole/l
Sha2015		all	54.0	CAN300	concentration	glucose	plasma	LC MS/MS	glucose_CAN300	0.0	hr		4.81625482376058	4.85604151230085	0.292371256436105	0.0397866885402705		mmole/l	mmole/l
Sha2015		all	54.0	CAN300	concentration	glucose	plasma	LC MS/MS	glucose_CAN300	0.25	hr		5.84491247038014	5.92923096848426	0.619611888698776	0.0843184981041203		mmole/l	mmole/l
Sha2015		all	54.0	CAN300	concentration	glucose	plasma	LC MS/MS	glucose_CAN300	0.5	hr		7.1585576809222	7.29697894274336	1.01718438304211	0.13842126182116		mmole/l	mmole/l
Sha2015		all	54.0	CAN300	concentration	glucose	plasma	LC MS/MS	glucose_CAN300	0.75	hr		7.46822187632809	7.63847248898146	1.25108138819095	0.17025061265337		mmole/l	mmole/l
Sha2015		all	54.0	CAN300	concentration	glucose	plasma	LC MS/MS	glucose_CAN300	1.0	hr		7.52331320692503	7.70947098689163	1.36797471770243	0.1861577799666		mmole/l	mmole/l
Sha2015		all	54.0	CAN300	concentration	glucose	plasma	LC MS/MS	glucose_CAN300	1.5	hr		6.65815826549058	6.83317464645047	1.28610248994085	0.17501638095989		mmole/l	mmole/l
Sha2015		all	54.0	CAN300	concentration	glucose	plasma	LC MS/MS	glucose_CAN300	2.0	hr		5.46364725180753	5.5988900834072	0.993827786365032	0.13524283159967		mmole/l	mmole/l
