study	individual	group	count	intervention	measurement_type	substance	tissue	method	label	time	time_unit	value	mean	mean_pm	mean_sd	mean_se	comments	mean_unit	value_unit
Sha2015		all	54.0	DAP10	concentration	glucose	plasma	LC MS/MS	glucose_DAP10	-0.25	hr		4.89622237624261	4.92803483384333	0.233772865757061	0.0318124576007195		mmole/l	mmole/l
Sha2015		all	54.0	DAP10	concentration	glucose	plasma	LC MS/MS	glucose_DAP10	-0.15	hr		4.8323909882118	4.87216829162347	0.29230229010738	0.03977730341167		mmole/l	mmole/l
Sha2015		all	54.0	DAP10	concentration	glucose	plasma	LC MS/MS	glucose_DAP10	0.0	hr		4.84012120580758	4.88786335503018	0.350831714457548	0.0477421492226		mmole/l	mmole/l
Sha2015		all	54.0	DAP10	concentration	glucose	plasma	LC MS/MS	glucose_DAP10	0.25	hr		6.59749905092887	6.73273249739992	0.993758820036164	0.13523344647105		mmole/l	mmole/l
Sha2015		all	54.0	DAP10	concentration	glucose	plasma	LC MS/MS	glucose_DAP10	0.5	hr		8.44256528099935	8.61758541601068	1.28613007647234	0.17502013501133		mmole/l	mmole/l
Sha2015		all	54.0	DAP10	concentration	glucose	plasma	LC MS/MS	glucose_DAP10	0.75	hr		8.37036924067896	8.60108323154379	1.69539466241992	0.23071399086483		mmole/l	mmole/l
Sha2015		all	54.0	DAP10	concentration	glucose	plasma	LC MS/MS	glucose_DAP10	1.0	hr		7.54240631256263	7.7731146723503	1.69535328262269	0.230708359787671		mmole/l	mmole/l
Sha2015		all	54.0	DAP10	concentration	glucose	plasma	LC MS/MS	glucose_DAP10	1.5	hr		6.24606540214572	6.42745929083152	1.33296740921826	0.1813938886858		mmole/l	mmole/l
Sha2015		all	54.0	DAP10	concentration	glucose	plasma	LC MS/MS	glucose_DAP10	2.0	hr		5.08974059973787	5.24884981338453	1.16920916042938	0.15910921364666		mmole/l	mmole/l
