study	individual	group	count	intervention	measurement_type	substance	tissue	method	label	time	time_unit	value	mean	mean_pm	mean_sd	mean_se	comments	mean_unit	value_unit
Sha2015		all	54.0	CAN300	cumulative amount	glucose	urine	LC MS/MS	glucose_cumulative_amount_CAN300	0.0	hr		0.0	0.588453937933969	4.32423565520888	0.588453937933969		g	g
Sha2015		all	54.0	CAN300	cumulative amount	glucose	urine	LC MS/MS	glucose_cumulative_amount_CAN300	2.0	hr		7.25395516343316	7.88444062500986	4.63310301331814	0.630485461576701		g	g
Sha2015		all	54.0	CAN300	cumulative amount	glucose	urine	LC MS/MS	glucose_cumulative_amount_CAN300	4.0	hr		12.8266367742213	13.2889709273556	3.39744829752245	0.4623341531343		g	g
Sha2015		all	54.0	CAN300	cumulative amount	glucose	urine	LC MS/MS	glucose_cumulative_amount_CAN300	10.0	hr		29.208429417444	30.2592679362551	7.72205451944778	1.0508385188111		g	g
Sha2015		all	54.0	CAN300	cumulative amount	glucose	urine	LC MS/MS	glucose_cumulative_amount_CAN300	14.0	hr		40.1436224138709	41.4886185635027	9.88366281781786	1.3449961496318		g	g
Sha2015		all	54.0	CAN300	cumulative amount	glucose	urine	LC MS/MS	glucose_cumulative_amount_CAN300	24.0	hr		51.4466101525754	53.1699530496702	12.6639322491958	1.7233428970948		g	g
