study	individual	group	count	intervention	measurement_type	substance	tissue	method	label	time	time_unit	value	mean	mean_pm	mean_sd	mean_se	comments	mean_unit	value_unit
Sha2015		all	54.0	CAN300	concentration	canagliflozin	plasma	LC MS/MS	canagliflozin_CAN300	0.0	hr		0.700482926961338	1.08964558721333	0.389162660251992	0.0529583302534149		µmole/l	µmole/l
Sha2015		all	54.0	CAN300	concentration	canagliflozin	plasma	LC MS/MS	canagliflozin_CAN300	0.5	hr		3.15800553960522	5.08712298227374	1.92911744266852	0.262519632691147		µmole/l	µmole/l
Sha2015		all	54.0	CAN300	concentration	canagliflozin	plasma	LC MS/MS	canagliflozin_CAN300	1.5	hr		5.34876774270662	7.73375379683961	2.38498605413299	0.324555493126649		µmole/l	µmole/l
Sha2015		all	54.0	CAN300	concentration	canagliflozin	plasma	LC MS/MS	canagliflozin_CAN300	2.5	hr		4.43470866664479	5.67723820104368	1.24252953439889	0.169086852756402		µmole/l	µmole/l
Sha2015		all	54.0	CAN300	concentration	canagliflozin	plasma	LC MS/MS	canagliflozin_CAN300	4.5	hr		4.21881770833447	5.45857457852576	1.23975687019129	0.168709540948808		µmole/l	µmole/l
Sha2015		all	54.0	CAN300	concentration	canagliflozin	plasma	LC MS/MS	canagliflozin_CAN300	8.5	hr		2.34993373209275	3.32838747211872	0.97845374002597	0.133150688887858		µmole/l	µmole/l
Sha2015		all	54.0	CAN300	concentration	canagliflozin	plasma	LC MS/MS	canagliflozin_CAN300	12.5	hr		1.57902037961021	2.25171679114966	0.67269641153945	0.0915423866707186		µmole/l	µmole/l
Sha2015		all	54.0	CAN300	concentration	canagliflozin	plasma	LC MS/MS	canagliflozin_CAN300	24.5	hr		0.820168864847586	1.27326833406597	0.453099469218384	0.061659027906163		µmole/l	µmole/l
