study	individual	group	count	intervention	measurement_type	substance	tissue	method	label	time	time_unit	value	mean	mean_pm	sd	se	unit	comments
Kim2023a	NA	all	28.0	DAP-FOR10	concentration	glucose	plasma	LC MS/MS	glucose_DAP-FOR10	0.0	hr	NA	95.4838709677419	90.123339658444	5.3605313092978975	1.0130451956841213	mg/dl	NA
Kim2023a	NA	all	28.0	DAP-FOR10	concentration	glucose	plasma	LC MS/MS	glucose_DAP-FOR10	2.0	hr	NA	78.6907020872865	71.4326375711574	7.258064516129096	1.3716452649528528	mg/dl	NA
Kim2023a	NA	all	28.0	DAP-FOR10	concentration	glucose	plasma	LC MS/MS	glucose_DAP-FOR10	4.0	hr	NA	78.3111954459203	71.3851992409867	6.925996204933611	1.30889025283082	mg/dl	NA
Kim2023a	NA	all	28.0	DAP-FOR10	concentration	glucose	plasma	LC MS/MS	glucose_DAP-FOR10	48.0	hr	NA	96.6698292220113	87.4193548387096	9.250474383301707	1.748175337684993	mg/dl	NA
Kim2023a	NA	all	28.0	DAP10	concentration	glucose	plasma	LC MS/MS	glucose_DAP10	0.0	hr	NA	94.6299810246679	101.745730550284	7.115749525616096	1.3447502597575731	mg/dl	NA
Kim2023a	NA	all	28.0	DAP10	concentration	glucose	plasma	LC MS/MS	glucose_DAP10	2.0	hr	NA	80.5882352941176	89.696394686907	9.108159392789403	1.721280332489845	mg/dl	NA
Kim2023a	NA	all	28.0	DAP10	concentration	glucose	plasma	LC MS/MS	glucose_DAP10	4.0	hr	NA	80.3984819734345	89.7912713472485	9.392789373813997	1.7750703428801384	mg/dl	NA
Kim2023a	NA	all	28.0	DAP10	concentration	glucose	plasma	LC MS/MS	glucose_DAP10	48.0	hr	NA	94.8671726755218	99.943074003795	5.075901328273204	0.959255185293809	mg/dl	NA
