study	individual	group	count	intervention	measurement_type	substance	tissue	method	label	time	time_unit	value	mean	mean_pm	sd	se	unit	comments
Kim2023a	NA	all	28.0	DAP-FOR10	concentration	glucose	plasma	LC MS/MS	glucose_DAP-FOR10	0.0	hr	NA	95.4838709677419	90.123339658444	5.3605313092979	1.01304519568412	mg/dl	NA
Kim2023a	NA	all	28.0	DAP-FOR10	concentration	glucose	plasma	LC MS/MS	glucose_DAP-FOR10	2.0	hr	NA	78.6907020872865	71.4326375711574	7.2580645161291	1.37164526495285	mg/dl	NA
Kim2023a	NA	all	28.0	DAP-FOR10	concentration	glucose	plasma	LC MS/MS	glucose_DAP-FOR10	4.0	hr	NA	78.3111954459203	71.3851992409867	6.92599620493361	1.30889025283082	mg/dl	NA
Kim2023a	NA	all	28.0	DAP-FOR10	concentration	glucose	plasma	LC MS/MS	glucose_DAP-FOR10	48.0	hr	NA	96.6698292220113	87.4193548387096	9.25047438330171	1.74817533768499	mg/dl	NA
Kim2023a	NA	all	28.0	DAP10	concentration	glucose	plasma	LC MS/MS	glucose_DAP10	0.0	hr	NA	94.6299810246679	101.745730550284	7.1157495256161	1.34475025975757	mg/dl	NA
Kim2023a	NA	all	28.0	DAP10	concentration	glucose	plasma	LC MS/MS	glucose_DAP10	2.0	hr	NA	80.5882352941176	89.696394686907	9.1081593927894	1.72128033248985	mg/dl	NA
Kim2023a	NA	all	28.0	DAP10	concentration	glucose	plasma	LC MS/MS	glucose_DAP10	4.0	hr	NA	80.3984819734345	89.7912713472485	9.392789373814	1.77507034288014	mg/dl	NA
Kim2023a	NA	all	28.0	DAP10	concentration	glucose	plasma	LC MS/MS	glucose_DAP10	48.0	hr	NA	94.8671726755218	99.943074003795	5.0759013282732	0.959255185293809	mg/dl	NA
